/*
SQLyog Ultimate v12.09 (64 bit)
MySQL - 5.7.17 : Database - karanotes
*********************************************************************
*/

/*!40101 SET NAMES utf8 */;

/*!40101 SET SQL_MODE=''*/;

/*!40014 SET @OLD_UNIQUE_CHECKS=@@UNIQUE_CHECKS, UNIQUE_CHECKS=0 */;
/*!40014 SET @OLD_FOREIGN_KEY_CHECKS=@@FOREIGN_KEY_CHECKS, FOREIGN_KEY_CHECKS=0 */;
/*!40101 SET @OLD_SQL_MODE=@@SQL_MODE, SQL_MODE='NO_AUTO_VALUE_ON_ZERO' */;
/*!40111 SET @OLD_SQL_NOTES=@@SQL_NOTES, SQL_NOTES=0 */;
CREATE DATABASE /*!32312 IF NOT EXISTS*/`karanotes` /*!40100 DEFAULT CHARACTER SET utf8 */;

USE `karanotes`;

/*Table structure for table `articleabstract` */

DROP TABLE IF EXISTS `articleabstract`;

CREATE TABLE `articleabstract` (
  `article_id` varchar(50) NOT NULL,
  `article_title` varchar(500) DEFAULT NULL,
  `article_show_img` varchar(255) DEFAULT NULL,
  `classify_id` varchar(50) DEFAULT NULL,
  `abstract_content` varchar(500) DEFAULT '',
  `user_id` varchar(50) DEFAULT NULL,
  `collect_num` int(11) DEFAULT '0',
  `comment_num` int(11) DEFAULT '0',
  `praise_num` int(11) DEFAULT '0',
  `article_attachment` varchar(500) DEFAULT '',
  `article_create_time` datetime DEFAULT CURRENT_TIMESTAMP,
  `article_update_time` datetime DEFAULT CURRENT_TIMESTAMP,
  PRIMARY KEY (`article_id`)
) ENGINE=InnoDB DEFAULT CHARSET=utf8;

/*Data for the table `articleabstract` */

insert  into `articleabstract`(`article_id`,`article_title`,`article_show_img`,`classify_id`,`abstract_content`,`user_id`,`collect_num`,`comment_num`,`praise_num`,`article_attachment`,`article_create_time`,`article_update_time`) values ('857616976036495360','压缩5倍','http://karanotes.viakiba.cn/karanotes/file/imgs/article/857616715461165056.png','855324592657399808','','855324592657399808',1,0,0,'','2017-04-27 23:26:35','2017-04-27 23:26:35'),('857619970186543104','反馈','http://karanotes.viakiba.cn/karanotes/file/imgs/article/857619962829733888.png','855324592657399808','','855324592657399808',1,0,0,'','2017-04-27 23:38:29','2017-04-27 23:38:29'),('859590434370879488','今天天气真好','http://karanotes.viakiba.cn/karanotes/file/imgs/article/859590401818886144.png','855324592657399808','','855333787439988736',2,0,0,'','2017-05-03 10:08:24','2017-05-03 10:08:24'),('859592676637409280','要毕业了！','http://karanotes.viakiba.cn/karanotes/file/imgs/article/859591492878991360.png','855324592657399808','','855333787439988736',2,0,1,'','2017-05-03 10:17:19','2017-05-03 10:17:19'),('859804522095050752','测试','http://karanotes.viakiba.cn/karanotes/file/imgs/article/859804493477314560.png','855324592657399808','','855324592657399808',1,0,0,'','2017-05-04 00:19:07','2017-05-04 00:19:07'),('866682743772151808','真的真的测试了','http://karanotes.viakiba.cn/karanotes/file/imgs/backlogo/1.png','858572066465513472','哈哈哈','858572066465513472',1,0,0,'','2017-05-22 23:50:09','2017-05-22 23:50:09'),('866683398658195456','发送','http://karanotes.viakiba.cn/karanotes/file/imgs/backlogo/1.png','858572066465513472','非','858572066465513472',1,0,0,'','2017-05-22 23:52:46','2017-05-22 23:52:46'),('866688649536733184','这是演示','http://karanotes.viakiba.cn/karanotes/file/imgs/backlogo/1.png','858572066465513472','稍微演示一下就好','858572066465513472',1,0,0,'','2017-05-23 00:14:10','2017-05-23 00:14:10'),('868687222390390784','测试给你看','http://karanotes.viakiba.cn/karanotes/file/imgs/backlogo/1.png','866895114918690816','这是ppt的测试内容','866895114918690816',1,0,0,'','2017-05-28 12:35:47','2017-05-28 12:35:47');

/*Table structure for table `articleclassify` */

DROP TABLE IF EXISTS `articleclassify`;

CREATE TABLE `articleclassify` (
  `classify_id` varchar(50) NOT NULL,
  `user_id` varchar(50) DEFAULT NULL,
  `classify_content` varchar(100) DEFAULT NULL,
  PRIMARY KEY (`classify_id`)
) ENGINE=InnoDB DEFAULT CHARSET=utf8;

/*Data for the table `articleclassify` */

insert  into `articleclassify`(`classify_id`,`user_id`,`classify_content`) values ('855324592657399808','855324592657399808','更新后的名称'),('855326142209458176','855326142209458176','默认分类'),('855333787439988736','855333787439988736','默认分类'),('855334204156674048','855334204156674048','默认分类'),('855343621736497152','855343621736497152','默认分类'),('856046838438952960','855324592657399808','dfsdf'),('856049970187337728','855324592657399808','sad'),('858572066465513472','858572066465513472','默认分类'),('858573073585012736','858573073585012736','默认分类'),('858689437696000000','858689437696000000','默认分类'),('859587539839746048','859587539839746048','默认分类'),('859725490447974400','859725490447974400','默认分类'),('859726053558452224','859726053558452224','默认分类'),('859726852405592064','859726852405592064','默认分类'),('859728968356462592','859728968356462592','默认分类'),('859732669624221696','859732669624221696','默认分类'),('860029937896128512','860029937896128512','默认分类'),('864640245113552896','864640245113552896','默认分类'),('865392839729610752','865392839729610752','默认分类'),('866895114918690816','866895114918690816','默认分类');

/*Table structure for table `articlecontent` */

DROP TABLE IF EXISTS `articlecontent`;

CREATE TABLE `articlecontent` (
  `article_id` varchar(50) NOT NULL,
  `article_content` text,
  PRIMARY KEY (`article_id`)
) ENGINE=InnoDB DEFAULT CHARSET=utf8;

/*Data for the table `articlecontent` */

insert  into `articlecontent`(`article_id`,`article_content`) values ('857616976036495360','![KaraNotes](http://karanotes.viakiba.cn/karanotes/file/imgs/article/857616715461165056.png)'),('857619970186543104','![KaraNotes](http://karanotes.viakiba.cn/karanotes/file/imgs/article/857619962829733888.png)'),('859590434370879488','#我想去旅行\n###一转眼就要毕业了\n**淡淡的忧伤**\n![KaraNotes](http://karanotes.viakiba.cn/karanotes/file/imgs/article/859590401818886144.png)'),('859592676637409280','*人家都玩儿毕业旅行*\n\n**我在加班搞毕业设计**\n\n<center><font color = red size = 6>多给点分吧，哈哈</font></center>\n\n![KaraNotes](http://karanotes.viakiba.cn/karanotes/file/imgs/article/859591492878991360.png)'),('859804522095050752','#测试结果表明，Karanotes 可用\n\n**测试结果**\n\n<center><font size=6 color=red>KaraNotes 实测可用</font></center>\n\n![KaraNotes](http://karanotes.viakiba.cn/karanotes/file/imgs/article/859804493477314560.png)'),('866682743772151808','发放'),('866683398658195456','发'),('866688649536733184','测试了好多好多遍了，终于成功了'),('868687222390390784','毕业设计ppt展示内容');

/*Table structure for table `articlepraise` */

DROP TABLE IF EXISTS `articlepraise`;

CREATE TABLE `articlepraise` (
  `praise_id` varchar(50) NOT NULL,
  `article_id` varchar(50) DEFAULT NULL,
  `user_id` varchar(50) DEFAULT NULL,
  `praise_user_id` varchar(50) DEFAULT NULL,
  `praise_create_time` datetime DEFAULT CURRENT_TIMESTAMP,
  PRIMARY KEY (`praise_id`)
) ENGINE=InnoDB DEFAULT CHARSET=utf8;

/*Data for the table `articlepraise` */

insert  into `articlepraise`(`praise_id`,`article_id`,`user_id`,`praise_user_id`,`praise_create_time`) values ('857090971559526400','855326731567890432','855324592657399808','855324592657399808','2017-04-26 12:36:20'),('860029467517517824','859592676637409280','855333787439988736','855333787439988736','2017-05-04 15:12:58');

/*Table structure for table `articletag` */

DROP TABLE IF EXISTS `articletag`;

CREATE TABLE `articletag` (
  `article_id` varchar(50) NOT NULL,
  `user_id` varchar(50) NOT NULL,
  `tag_content` json DEFAULT NULL,
  PRIMARY KEY (`article_id`)
) ENGINE=InnoDB DEFAULT CHARSET=utf8;

/*Data for the table `articletag` */

insert  into `articletag`(`article_id`,`user_id`,`tag_content`) values ('855326731567890432','855324592657399808','{\"tag_content\": [\"tagname1\", \"tagname2\", \"tagname3\"]}'),('855327061110161408','855324592657399808','{\"tag_content\": [\"tagname1\", \"tagname2\", \"tagname3\"]}'),('855328001733165056','855324592657399808','{\"tag_content\": [\"tagname1\", \"tagname2\", \"tagname3\"]}'),('857616976036495360','855324592657399808','{\"tag_content\": [\"测试标签1\", \"测试标签2\"]}'),('857619970186543104','855324592657399808','{\"tag_content\": [\"测试标签1\", \"测试标签2\"]}'),('859590434370879488','855333787439988736','{\"tag_content\": [\"测试标签1\", \"测试标签2\"]}'),('859592676637409280','855333787439988736','{\"tag_content\": [\"测试标签1\", \"测试标签2\"]}'),('859804522095050752','855324592657399808','{\"tag_content\": [\"测试标签1\", \"测试标签2\"]}'),('866682743772151808','858572066465513472','{\"tag_content\": [\"tagname1\"]}'),('866683398658195456','858572066465513472','{\"tag_content\": []}'),('866688649536733184','858572066465513472','{\"tag_content\": []}'),('868687222390390784','866895114918690816','{\"tag_content\": []}');

/*Table structure for table `collectinfo` */

DROP TABLE IF EXISTS `collectinfo`;

CREATE TABLE `collectinfo` (
  `collect_id` varchar(50) NOT NULL,
  `user_id` varchar(50) DEFAULT NULL,
  `author_id` varchar(50) DEFAULT NULL,
  `article_id` varchar(50) DEFAULT NULL,
  `collect_create_time` datetime DEFAULT CURRENT_TIMESTAMP,
  PRIMARY KEY (`collect_id`)
) ENGINE=InnoDB DEFAULT CHARSET=utf8;

/*Data for the table `collectinfo` */

insert  into `collectinfo`(`collect_id`,`user_id`,`author_id`,`article_id`,`collect_create_time`) values ('859801687462772736','855324592657399808','855333787439988736','859590434370879488','2017-05-04 00:07:51'),('859816330948247552','855333787439988736','855324592657399808','857616976036495360','2017-05-04 01:06:02'),('859816583399211008','855333787439988736','855324592657399808','857619970186543104','2017-05-04 01:07:02'),('860023467779555328','855333787439988736','855324592657399808','859804522095050752','2017-05-04 14:49:07'),('860029432889344000','855333787439988736','855333787439988736','859592676637409280','2017-05-04 15:12:49'),('865438579487145984','855324592657399808','855333787439988736','859592676637409280','2017-05-19 13:26:50'),('868020015939452928','855333787439988736','855333787439988736','859590434370879488','2017-05-26 16:24:33'),('868604687400566784','866895114918690816','858572066465513472','866688649536733184','2017-05-28 07:07:49'),('868678934919643136','866895114918690816','858572066465513472','866683398658195456','2017-05-28 12:02:51'),('868688088266702848','866895114918690816','866895114918690816','868687222390390784','2017-05-28 12:39:14'),('868796522437804032','866895114918690816','858572066465513472','866682743772151808','2017-05-28 19:50:06');

/*Table structure for table `commentinfo` */

DROP TABLE IF EXISTS `commentinfo`;

CREATE TABLE `commentinfo` (
  `comment_id` varchar(50) CHARACTER SET ujis NOT NULL,
  `user_id` varchar(50) DEFAULT NULL,
  `article_id` varchar(50) DEFAULT NULL,
  `author_id` varchar(50) DEFAULT NULL,
  `comment_content` text,
  `comment_create_time` datetime DEFAULT CURRENT_TIMESTAMP,
  `reply_id` varchar(50) DEFAULT '',
  PRIMARY KEY (`comment_id`)
) ENGINE=InnoDB DEFAULT CHARSET=utf8;

/*Data for the table `commentinfo` */

insert  into `commentinfo`(`comment_id`,`user_id`,`article_id`,`author_id`,`comment_content`,`comment_create_time`,`reply_id`) values ('856409623454810112','855326142209458176','855327061110161408','855324592657399808','评论正文','2017-04-24 15:28:55',' '),('856409635656040448','855326142209458176','855327061110161408','855324592657399808','评论正文','2017-04-05 15:28:58',' ');

/*Table structure for table `faqinfo` */

DROP TABLE IF EXISTS `faqinfo`;

CREATE TABLE `faqinfo` (
  `faq_id` varchar(50) NOT NULL,
  `user_id` varchar(50) DEFAULT NULL,
  `faq_content` text,
  `faq_create_time` datetime DEFAULT CURRENT_TIMESTAMP,
  PRIMARY KEY (`faq_id`)
) ENGINE=InnoDB DEFAULT CHARSET=utf8;

/*Data for the table `faqinfo` */

/*Table structure for table `followinfo` */

DROP TABLE IF EXISTS `followinfo`;

CREATE TABLE `followinfo` (
  `follow_id` varchar(50) NOT NULL,
  `user_id` varchar(50) DEFAULT NULL,
  `follow_user_id` varchar(50) DEFAULT NULL,
  `is_eachother` tinyint(1) DEFAULT NULL,
  `follow_create_time` datetime DEFAULT CURRENT_TIMESTAMP,
  PRIMARY KEY (`follow_id`)
) ENGINE=InnoDB DEFAULT CHARSET=utf8;

/*Data for the table `followinfo` */

insert  into `followinfo`(`follow_id`,`user_id`,`follow_user_id`,`is_eachother`,`follow_create_time`) values ('859688382052171776','855324592657399808','859587539839746048',0,'2017-05-03 16:37:37'),('859688974086569984','855324592657399808','855333787439988736',1,'2017-05-03 16:39:58'),('859802934601318400','855333787439988736','855324592657399808',0,'2017-05-04 00:12:48'),('860030065994366976','860029937896128512','855324592657399808',0,'2017-05-04 15:15:20');

/*Table structure for table `notifiinfo` */

DROP TABLE IF EXISTS `notifiinfo`;

CREATE TABLE `notifiinfo` (
  `user_id` varchar(50) NOT NULL,
  `comment_read_time` datetime DEFAULT NULL,
  `praise_read_time` datetime DEFAULT NULL,
  `collect_read_time` datetime DEFAULT NULL,
  `follow_read_time` datetime DEFAULT NULL,
  PRIMARY KEY (`user_id`)
) ENGINE=InnoDB DEFAULT CHARSET=utf8;

/*Data for the table `notifiinfo` */

insert  into `notifiinfo`(`user_id`,`comment_read_time`,`praise_read_time`,`collect_read_time`,`follow_read_time`) values ('855324592657399808','2017-04-12 16:35:45','2017-04-06 12:50:48','2017-04-27 18:06:44','2017-04-11 11:09:50'),('855326142209458176','2017-04-21 15:43:36','2017-04-21 15:43:36','2017-04-27 18:10:03','2017-04-27 14:53:28'),('855333787439988736','2017-04-21 16:13:59','2017-04-21 16:13:59','2017-04-21 16:13:59','2017-04-21 16:13:59'),('855334204156674048','2017-04-21 16:15:38','2017-04-21 16:15:38','2017-04-21 16:15:38','2017-04-21 16:15:38'),('855343621736497152','2017-04-21 16:53:05','2017-04-21 16:53:05','2017-04-21 16:53:05','2017-04-21 16:53:05'),('858572066465513472','2017-04-30 14:41:35','2017-04-30 14:41:35','2017-04-30 14:41:35','2017-04-30 14:41:35'),('858573073585012736','2017-04-30 14:45:46','2017-04-30 14:45:46','2017-04-30 14:45:46','2017-04-30 14:45:46'),('858689437696000000','2017-04-30 22:28:10','2017-04-30 22:28:10','2017-04-30 22:28:10','2017-04-30 22:28:10'),('859587539839746048','2017-05-03 09:56:54','2017-05-03 09:56:54','2017-05-03 09:56:54','2017-05-03 09:56:54'),('859725490447974400','2017-05-03 19:05:04','2017-05-03 19:05:04','2017-05-03 19:05:04','2017-05-03 19:05:04'),('859726053558452224','2017-05-03 19:07:18','2017-05-03 19:07:18','2017-05-03 19:07:18','2017-05-03 19:07:18'),('859726852405592064','2017-05-03 19:10:29','2017-05-03 19:10:29','2017-05-03 19:10:29','2017-05-03 19:10:29'),('859728968356462592','2017-05-03 19:18:53','2017-05-03 19:18:53','2017-05-03 19:18:53','2017-05-03 19:18:53'),('859732669624221696','2017-05-03 19:33:36','2017-05-03 19:33:36','2017-05-03 19:33:36','2017-05-03 19:33:36'),('860029937896128512','2017-05-04 15:14:50','2017-05-04 15:14:50','2017-05-04 15:14:50','2017-05-04 15:14:50'),('864640245113552896','2017-05-17 08:34:33','2017-05-17 08:34:33','2017-05-17 08:34:33','2017-05-17 08:34:33'),('865392839729610752','2017-05-19 10:25:05','2017-05-19 10:25:05','2017-05-19 10:25:05','2017-05-19 10:25:05'),('866895114918690816','2017-05-23 13:54:36','2017-05-23 13:54:36','2017-05-23 13:54:36','2017-05-23 13:54:36');

/*Table structure for table `userinfo` */

DROP TABLE IF EXISTS `userinfo`;

CREATE TABLE `userinfo` (
  `user_id` varchar(50) NOT NULL,
  `user_headimg` varchar(100) DEFAULT '',
  `user_background_img` varchar(255) DEFAULT '',
  `user_email` varchar(100) DEFAULT NULL,
  `user_name` varchar(50) DEFAULT NULL,
  `user_password` varchar(100) DEFAULT NULL,
  `user_github` varchar(500) DEFAULT '',
  `user_sex` int(11) DEFAULT '1',
  `user_path` varchar(100) DEFAULT NULL,
  `user_signature` varchar(500) DEFAULT '',
  PRIMARY KEY (`user_id`)
) ENGINE=InnoDB DEFAULT CHARSET=utf8;

/*Data for the table `userinfo` */

insert  into `userinfo`(`user_id`,`user_headimg`,`user_background_img`,`user_email`,`user_name`,`user_password`,`user_github`,`user_sex`,`user_path`,`user_signature`) values ('855324592657399808','855324592657399808.png','855324592657399808.png','cpf9401@163.com','答辩测试账号2','i5d55bdii3bbavvbfakaa7kd713av7bd','',1,'cpf9401ddaa9296',''),('855326142209458176','2.png','1.png','9999@qq.com','0x00ffee@gmail.com','i5d55bdii3bbavvbfakaa7kd713av7bd','',1,'0x00ffee4e749f0d',''),('855333787439988736','2.png','1.png','0x00ffee@gmail.com','KaraNotes','i5d55bdii3bbavvbfakaa7kd713av7bd','',2,'9999cf63cc33',''),('855334204156674048','2.png','1.png','892645423@qq.com','892645423@qq.com','i5d55bdii3bbavvbfakaa7kd713av7bd','',1,'88880a183c31',''),('855343621736497152','2.png','1.png','1234@qq.com','1234@qq.com','i5d55bdii3bbavvbfakaa7kd713av7bd','',1,'12349619707e',''),('858572066465513472','2.png','1.png','13651951375@163.com','13651951375@163.com','aaabai3ibvb9i3iivdaa5v9bkf75ia9b','',1,'136519513758fe3a7df',''),('858573073585012736','2.png','1.png','3174056725@qq.com','3174056725@qq.com','aaabai3ibvb9i3iivdaa5v9bkf75ia9b','',1,'3174056725b0ed8ef3',''),('858689437696000000','2.png','1.png','1554765667@qq.com','1554765667@qq.com','aaabai3ibvb9i3iivdaa5v9bkf75ia9b','',1,'15547656677d72abd9',''),('859587539839746048','2.png','1.png','cpf@qq.com','cpf@qq.com','i5d55bdii3bbavvbfakaa7kd713av7bd','',1,'cpfb106d9a5',''),('859725490447974400','2.png','1.png','18848972887@163.com','18848972887@163.com','aaabai3ibvb9i3iivdaa5v9bkf75ia9b','',1,'18848972887e1b3ff52',''),('859726053558452224','2.png','1.png','123@123.com','123@123.com','aaabai3ibvb9i3iivdaa5v9bkf75ia9b','',1,'123a7b20bdc',''),('859726852405592064','2.png','1.png','13651951325@163.com','13651951325@163.com','aaabai3ibvb9i3iivdaa5v9bkf75ia9b','',1,'1365195132542151f21',''),('859728968356462592','2.png','1.png','13651351375@163.com','13651351375@163.com','aaabai3ibvb9i3iivdaa5v9bkf75ia9b','',1,'13651351375e494e86e',''),('859732669624221696','2.png','1.png','13351951375@163.com','13351951375@163.com','aaabai3ibvb9i3iivdaa5v9bkf75ia9b','',1,'13351951375ae922002',''),('860029937896128512','2.png','1.png','12345@qq.com','12345@qq.com','i5d55bdii3bbavvbfakaa7kd713av7bd','',1,'1234576fc7bf2',''),('864640245113552896','2.png','1.png','13655951375@163.com','13655951375@163.com','aaabai3ibvb9i3iivdaa5v9bkf75ia9b','',1,'13655951375c83e0510',''),('865392839729610752','2.png','1.png','13651923375@163.com','13651923375@163.com','aaabai3ibvb9i3iivdaa5v9bkf75ia9b','',1,'13651923375fa836197',''),('866895114918690816','2.png','1.png','12345678@qq.com','颛孙九言','aivbdad7kfe97759bbi7bva99bffk71v','',2,'12345678f79e8d7f','努力一把');

/*Table structure for table `userlogin` */

DROP TABLE IF EXISTS `userlogin`;

CREATE TABLE `userlogin` (
  `token_id` varchar(50) NOT NULL,
  `user_id` varchar(50) DEFAULT NULL,
  `login_device_type` varchar(50) DEFAULT NULL,
  `user_login_time` datetime DEFAULT NULL,
  PRIMARY KEY (`token_id`)
) ENGINE=InnoDB DEFAULT CHARSET=utf8;

/*Data for the table `userlogin` */

insert  into `userlogin`(`token_id`,`user_id`,`login_device_type`,`user_login_time`) values ('#856150316444286976','855334204156674048',NULL,'2017-04-23 22:18:37'),('#856151502081753088','855334204156674048',NULL,'2017-04-23 22:23:19'),('855324596058980352','855324592657399808',NULL,'2017-04-21 15:37:30'),('855325343261655040','855324592657399808',NULL,'2017-04-21 15:40:28'),('855325758040571904','855324592657399808',NULL,'2017-04-21 15:42:07'),('855325914131595264','855324592657399808',NULL,'2017-04-21 15:42:44'),('855326142997987328','855326142209458176',NULL,'2017-04-21 15:43:38'),('855326161553588224','855326142209458176',NULL,'2017-04-21 15:43:43'),('855333218172272640','855324592657399808',NULL,'2017-04-21 16:11:45'),('855333787800698880','855333787439988736',NULL,'2017-04-21 16:14:01'),('855333798882050048','855333787439988736',NULL,'2017-04-21 16:14:04'),('855334204370583552','855334204156674048',NULL,'2017-04-21 16:15:40'),('855334220543819776','855334204156674048',NULL,'2017-04-21 16:15:44'),('855336277799600128','855334204156674048',NULL,'2017-04-21 16:23:55'),('855343319339761664','855324592657399808',NULL,'2017-04-21 16:51:53'),('855343621933629440','855343621736497152',NULL,'2017-04-21 16:53:06'),('855343626597695488','855343621736497152',NULL,'2017-04-21 16:53:07'),('855344359057391616','855324592657399808',NULL,'2017-04-21 16:56:01'),('857978572139134976','855324592657399808',NULL,'2017-04-28 23:23:27'),('858165226955079680','855324592657399808',NULL,'2017-04-29 11:45:09'),('858572068000628736','858572066465513472',NULL,'2017-04-30 14:41:47'),('858573073878614016','858573073585012736',NULL,'2017-04-30 14:45:47'),('858689437716971520','858689437696000000',NULL,'2017-04-30 22:28:10'),('858818868682948608','858572066465513472',NULL,'2017-05-01 07:02:29'),('858818953831514112','858572066465513472',NULL,'2017-05-01 07:02:49'),('858892366545682432','858572066465513472',NULL,'2017-05-01 11:54:32'),('858893462991273984','858572066465513472',NULL,'2017-05-01 11:58:54'),('858893946271563776','858572066465513472',NULL,'2017-05-01 12:00:49'),('858894020284252160','858572066465513472',NULL,'2017-05-01 12:01:07'),('858895162577780736','858572066465513472',NULL,'2017-05-01 12:05:39'),('858896264320778240','858572066465513472',NULL,'2017-05-01 12:10:02'),('858896726499524608','858572066465513472',NULL,'2017-05-01 12:11:52'),('858900268220153856','858572066465513472',NULL,'2017-05-01 12:25:56'),('858900587918393344','858572066465513472',NULL,'2017-05-01 12:27:12'),('858916942528905216','858572066465513472',NULL,'2017-05-01 13:32:12'),('858918856662450176','858572066465513472',NULL,'2017-05-01 13:39:48'),('858927824566747136','858572066465513472',NULL,'2017-05-01 14:15:26'),('858943545610862592','858572066465513472',NULL,'2017-05-01 15:17:54'),('858995915816435712','858572066465513472',NULL,'2017-05-01 18:46:00'),('858998059038670848','858572066465513472',NULL,'2017-05-01 18:54:31'),('858998839850303488','858572066465513472',NULL,'2017-05-01 18:57:38'),('858999161335316480','858572066465513472',NULL,'2017-05-01 18:58:54'),('858999574239379456','858572066465513472',NULL,'2017-05-01 19:00:33'),('859001030992461824','858572066465513472',NULL,'2017-05-01 19:06:20'),('859001304939233280','858572066465513472',NULL,'2017-05-01 19:07:25'),('859001889830731776','858572066465513472',NULL,'2017-05-01 19:09:45'),('859002157574127616','858572066465513472',NULL,'2017-05-01 19:10:49'),('859033421001785344','858572066465513472',NULL,'2017-05-01 21:15:02'),('859034287163310080','858572066465513472',NULL,'2017-05-01 21:18:29'),('859037933284360192','858572066465513472',NULL,'2017-05-01 21:32:58'),('859038444108644352','858572066465513472',NULL,'2017-05-01 21:35:00'),('859038579383336960','858572066465513472',NULL,'2017-05-01 21:35:32'),('859039377379033088','858572066465513472',NULL,'2017-05-01 21:38:42'),('859040933507760128','858572066465513472',NULL,'2017-05-01 21:44:53'),('859041080513921024','858572066465513472',NULL,'2017-05-01 21:45:28'),('859042350448508928','858572066465513472',NULL,'2017-05-01 21:50:31'),('859043508554563584','858572066465513472',NULL,'2017-05-01 21:55:07'),('859043735109894144','858572066465513472',NULL,'2017-05-01 21:56:01'),('859051571852345344','858572066465513472',NULL,'2017-05-01 22:27:10'),('859051826643730432','858572066465513472',NULL,'2017-05-01 22:28:11'),('859181715527041024','858572066465513472',NULL,'2017-05-02 07:04:18'),('859587548953968640','859587539839746048',NULL,'2017-05-03 09:56:57'),('859587589479333888','859587539839746048',NULL,'2017-05-03 09:57:06'),('859588071228702720','855333787439988736',NULL,'2017-05-03 09:59:01'),('859588766291984384','855333787439988736',NULL,'2017-05-03 10:01:47'),('859594584773099520','855324592657399808',NULL,'2017-05-03 10:24:54'),('859608909080428544','855324592657399808',NULL,'2017-05-03 11:21:49'),('859608980798832640','855324592657399808',NULL,'2017-05-03 11:22:06'),('859617361206968320','855324592657399808',NULL,'2017-05-03 11:55:24'),('859670091409653760','858572066465513472',NULL,'2017-05-03 15:24:56'),('859670395718991872','858572066465513472',NULL,'2017-05-03 15:26:09'),('859673286504611840','858572066465513472',NULL,'2017-05-03 15:37:38'),('859709135648718848','858572066465513472',NULL,'2017-05-03 18:00:05'),('859711162235748352','858572066465513472',NULL,'2017-05-03 18:08:08'),('859714324434780160','858572066465513472',NULL,'2017-05-03 18:20:42'),('859725492381548544','859725490447974400',NULL,'2017-05-03 19:05:05'),('859726053835276288','859726053558452224',NULL,'2017-05-03 19:07:19'),('859726852413980672','859726852405592064',NULL,'2017-05-03 19:10:29'),('859728968406794240','859728968356462592',NULL,'2017-05-03 19:18:54'),('859729086199627776','859728968356462592',NULL,'2017-05-03 19:19:22'),('859731357750788096','858572066465513472',NULL,'2017-05-03 19:28:23'),('859732669636804608','859732669624221696',NULL,'2017-05-03 19:33:36'),('859732744828092416','859732669624221696',NULL,'2017-05-03 19:33:54'),('859764755731054592','859732669624221696',NULL,'2017-05-03 21:41:06'),('859769944361926656','859732669624221696',NULL,'2017-05-03 22:01:43'),('859771624990179328','859732669624221696',NULL,'2017-05-03 22:08:24'),('859777062603325440','859732669624221696',NULL,'2017-05-03 22:30:00'),('859777261950205952','859732669624221696',NULL,'2017-05-03 22:30:48'),('859777628658204672','859732669624221696',NULL,'2017-05-03 22:32:15'),('859777725441769472','859732669624221696',NULL,'2017-05-03 22:32:38'),('859777965867663360','859732669624221696',NULL,'2017-05-03 22:33:36'),('859778685299851264','859732669624221696',NULL,'2017-05-03 22:36:27'),('859802425639305216','855333787439988736',NULL,'2017-05-04 00:10:47'),('859904648134262784','859732669624221696',NULL,'2017-05-04 06:56:59'),('859904946890342400','859732669624221696',NULL,'2017-05-04 06:58:10'),('859905277195976704','859732669624221696',NULL,'2017-05-04 06:59:29'),('859907708898246656','859732669624221696',NULL,'2017-05-04 07:09:09'),('859908430062682112','859732669624221696',NULL,'2017-05-04 07:12:01'),('859909169170350080','859732669624221696',NULL,'2017-05-04 07:14:57'),('859909357117112320','859732669624221696',NULL,'2017-05-04 07:15:42'),('859909569701216256','859732669624221696',NULL,'2017-05-04 07:16:32'),('860023325018030080','855333787439988736',NULL,'2017-05-04 14:48:34'),('860029938663686144','860029937896128512',NULL,'2017-05-04 15:14:51'),('860029945965969408','860029937896128512',NULL,'2017-05-04 15:14:52'),('860120696041242624','859732669624221696',NULL,'2017-05-04 21:15:29'),('860126247177420800','859732669624221696',NULL,'2017-05-04 21:37:32'),('860126323371147264','859732669624221696',NULL,'2017-05-04 21:37:51'),('860135030955966464','859732669624221696',NULL,'2017-05-04 22:12:27'),('860135079656030208','859732669624221696',NULL,'2017-05-04 22:12:38'),('860135535052587008','859732669624221696',NULL,'2017-05-04 22:14:27'),('860136292464197632','859732669624221696',NULL,'2017-05-04 22:17:27'),('860136456503427072','859732669624221696',NULL,'2017-05-04 22:18:06'),('860136605652877312','859732669624221696',NULL,'2017-05-04 22:18:42'),('860139866095091712','859732669624221696',NULL,'2017-05-04 22:31:39'),('860140589050494976','859732669624221696',NULL,'2017-05-04 22:34:32'),('860141510622969856','859732669624221696',NULL,'2017-05-04 22:38:11'),('860142239458787328','859732669624221696',NULL,'2017-05-04 22:41:05'),('860142383805759488','859732669624221696',NULL,'2017-05-04 22:41:40'),('860143098137673728','859732669624221696',NULL,'2017-05-04 22:44:30'),('860143160645386240','859732669624221696',NULL,'2017-05-04 22:44:45'),('860157546780950528','855333787439988736',NULL,'2017-05-04 23:41:55'),('860277028367106048','859732669624221696',NULL,'2017-05-05 07:36:41'),('861728936264990720','859732669624221696',NULL,'2017-05-09 07:46:03'),('861729120843726848','859732669624221696',NULL,'2017-05-09 07:46:47'),('864048612978458624','859732669624221696',NULL,'2017-05-15 17:23:37'),('864049116164915200','859732669624221696',NULL,'2017-05-15 17:25:37'),('864049252567875584','859732669624221696',NULL,'2017-05-15 17:26:10'),('864049756060516352','859732669624221696',NULL,'2017-05-15 17:28:10'),('864051504879763456','859732669624221696',NULL,'2017-05-15 17:35:07'),('864052008124940288','859732669624221696',NULL,'2017-05-15 17:37:07'),('864054148218224640','859732669624221696',NULL,'2017-05-15 17:45:37'),('864055575908974592','859732669624221696',NULL,'2017-05-15 17:51:17'),('864056079212871680','859732669624221696',NULL,'2017-05-15 17:53:17'),('864064861787652096','859732669624221696',NULL,'2017-05-15 18:28:11'),('864078611609550848','859732669624221696',NULL,'2017-05-15 19:22:49'),('864078618576289792','859732669624221696',NULL,'2017-05-15 19:22:51'),('864079122085707776','859732669624221696',NULL,'2017-05-15 19:24:51'),('864110768130359296','859732669624221696',NULL,'2017-05-15 21:30:36'),('864116058905116672','859732669624221696',NULL,'2017-05-15 21:51:38'),('864116562229985280','859732669624221696',NULL,'2017-05-15 21:53:38'),('864118050129969152','859732669624221696',NULL,'2017-05-15 21:59:32'),('864118223098871808','859732669624221696',NULL,'2017-05-15 22:00:14'),('864118440376401920','859732669624221696',NULL,'2017-05-15 22:01:05'),('864118943843876864','859732669624221696',NULL,'2017-05-15 22:03:05'),('864122573934297088','859732669624221696',NULL,'2017-05-15 22:17:31'),('864123077263360000','859732669624221696',NULL,'2017-05-15 22:19:31'),('864640263283277824','864640245113552896',NULL,'2017-05-17 08:34:38'),('864641827322462208','859732669624221696',NULL,'2017-05-17 08:40:51'),('864642664425848832','859732669624221696',NULL,'2017-05-17 08:44:10'),('864644168192884736','859732669624221696',NULL,'2017-05-17 08:50:09'),('864644385906622464','859732669624221696',NULL,'2017-05-17 08:51:01'),('864645079048912896','859732669624221696',NULL,'2017-05-17 08:53:46'),('864646719709642752','859732669624221696',NULL,'2017-05-17 09:00:17'),('864646801767006208','859732669624221696',NULL,'2017-05-17 09:00:37'),('864649138476679168','859732669624221696',NULL,'2017-05-17 09:09:54'),('864655651932995584','859732669624221696',NULL,'2017-05-17 09:35:47'),('864656637351165952','859732669624221696',NULL,'2017-05-17 09:39:42'),('864656920345051136','859732669624221696',NULL,'2017-05-17 09:40:49'),('864657661772169216','859732669624221696',NULL,'2017-05-17 09:43:46'),('864658224068952064','859732669624221696',NULL,'2017-05-17 09:46:00'),('864658283057643520','859732669624221696',NULL,'2017-05-17 09:46:14'),('864658696930590720','859732669624221696',NULL,'2017-05-17 09:47:53'),('864660681465528320','859732669624221696',NULL,'2017-05-17 09:55:46'),('864660735546884096','859732669624221696',NULL,'2017-05-17 09:55:59'),('864662161333420032','859732669624221696',NULL,'2017-05-17 10:01:39'),('864662787446538240','859732669624221696',NULL,'2017-05-17 10:04:08'),('864664688351248384','859732669624221696',NULL,'2017-05-17 10:11:41'),('864665970390597632','859732669624221696',NULL,'2017-05-17 10:16:47'),('864768808466776064','859732669624221696',NULL,'2017-05-17 17:05:25'),('864783709465739264','859732669624221696',NULL,'2017-05-17 18:04:38'),('864783709671260160','859732669624221696',NULL,'2017-05-17 18:04:38'),('864790326529753088','859732669624221696',NULL,'2017-05-17 18:30:56'),('864792673771323392','859732669624221696',NULL,'2017-05-17 18:40:15'),('864792800481247232','859732669624221696',NULL,'2017-05-17 18:40:45'),('864796733022928896','859732669624221696',NULL,'2017-05-17 18:56:23'),('864827254331408384','859732669624221696',NULL,'2017-05-17 20:57:40'),('865392839737999360','865392839729610752',NULL,'2017-05-19 10:25:06'),('865398976554205184','859732669624221696',NULL,'2017-05-19 10:49:29'),('865422386688688128','859732669624221696',NULL,'2017-05-19 12:22:30'),('865442599828193280','859732669624221696',NULL,'2017-05-19 13:42:50'),('865445705861300224','859732669624221696',NULL,'2017-05-19 13:55:10'),('865447943178551296','859732669624221696',NULL,'2017-05-19 14:04:04'),('865448390861783040','859732669624221696',NULL,'2017-05-19 14:05:50'),('865451296667205632','859732669624221696',NULL,'2017-05-19 14:17:23'),('865451357505585152','859732669624221696',NULL,'2017-05-19 14:17:38'),('865451442406686720','859732669624221696',NULL,'2017-05-19 14:17:58'),('865451670027370496','859732669624221696',NULL,'2017-05-19 14:18:52'),('865469638044024832','859732669624221696',NULL,'2017-05-19 15:30:16'),('865469731828662272','859732669624221696',NULL,'2017-05-19 15:30:38'),('865472739320791040','859732669624221696',NULL,'2017-05-19 15:42:35'),('865472828844015616','859732669624221696',NULL,'2017-05-19 15:42:57'),('865474658755936256','859732669624221696',NULL,'2017-05-19 15:50:13'),('865475427492167680','859732669624221696',NULL,'2017-05-19 15:53:16'),('865476526211072000','859732669624221696',NULL,'2017-05-19 15:57:38'),('865476612341104640','859732669624221696',NULL,'2017-05-19 15:57:59'),('865477400807342080','859732669624221696',NULL,'2017-05-19 16:01:07'),('865477582810775552','859732669624221696',NULL,'2017-05-19 16:01:50'),('865477912835391488','859732669624221696',NULL,'2017-05-19 16:03:09'),('865478450339643392','859732669624221696',NULL,'2017-05-19 16:05:17'),('865481026892201984','859732669624221696',NULL,'2017-05-19 16:15:31'),('865482586774831104','859732669624221696',NULL,'2017-05-19 16:21:43'),('865482957064765440','859732669624221696',NULL,'2017-05-19 16:23:12'),('865483187063619584','859732669624221696',NULL,'2017-05-19 16:24:06'),('865485241848954880','859732669624221696',NULL,'2017-05-19 16:32:16'),('865486123562958848','859732669624221696',NULL,'2017-05-19 16:35:46'),('865486640246685696','859732669624221696',NULL,'2017-05-19 16:37:50'),('865488276151074816','859732669624221696',NULL,'2017-05-19 16:44:20'),('865488794978091008','859732669624221696',NULL,'2017-05-19 16:46:23'),('865490491905409024','859732669624221696',NULL,'2017-05-19 16:53:08'),('865494154078060544','859732669624221696',NULL,'2017-05-19 17:07:41'),('865521132533448704','859732669624221696',NULL,'2017-05-19 18:54:53'),('865538043069595648','859732669624221696',NULL,'2017-05-19 20:02:05'),('865538359877959680','859732669624221696',NULL,'2017-05-19 20:03:21'),('865538712212078592','859732669624221696',NULL,'2017-05-19 20:04:45'),('865554312460238848','858572066465513472',NULL,'2017-05-19 21:06:44'),('865581554200477696','858572066465513472',NULL,'2017-05-19 22:54:59'),('865588033695514624','858572066465513472',NULL,'2017-05-19 23:20:44'),('865588453612453888','858572066465513472',NULL,'2017-05-19 23:22:24'),('865591766080815104','858572066465513472',NULL,'2017-05-19 23:35:34'),('865592484229545984','858572066465513472',NULL,'2017-05-19 23:38:25'),('865592824614092800','858572066465513472',NULL,'2017-05-19 23:39:46'),('865593167716548608','858572066465513472',NULL,'2017-05-19 23:41:08'),('865593313141456896','858572066465513472',NULL,'2017-05-19 23:41:42'),('865595306111139840','858572066465513472',NULL,'2017-05-19 23:49:38'),('865595529982115840','858572066465513472',NULL,'2017-05-19 23:50:31'),('865595660852789248','858572066465513472',NULL,'2017-05-19 23:51:02'),('865595881938747392','858572066465513472',NULL,'2017-05-19 23:51:55'),('865596309262827520','858572066465513472',NULL,'2017-05-19 23:53:37'),('865596498904088576','858572066465513472',NULL,'2017-05-19 23:54:22'),('865596867143008256','858572066465513472',NULL,'2017-05-19 23:55:50'),('865597198358806528','858572066465513472',NULL,'2017-05-19 23:57:09'),('865597791588581376','858572066465513472',NULL,'2017-05-19 23:59:30'),('865598546991120384','858572066465513472',NULL,'2017-05-20 00:02:30'),('865598940924346368','858572066465513472',NULL,'2017-05-20 00:04:04'),('865599028899872768','858572066465513472',NULL,'2017-05-20 00:04:25'),('865599519855738880','858572066465513472',NULL,'2017-05-20 00:06:22'),('865599669151989760','858572066465513472',NULL,'2017-05-20 00:06:58'),('865601825934409728','858572066465513472',NULL,'2017-05-20 00:15:32'),('865601953126678528','858572066465513472',NULL,'2017-05-20 00:16:02'),('865602756767907840','858572066465513472',NULL,'2017-05-20 00:19:14'),('865603625257271296','858572066465513472',NULL,'2017-05-20 00:22:41'),('865604146831556608','858572066465513472',NULL,'2017-05-20 00:24:45'),('865604426054762496','858572066465513472',NULL,'2017-05-20 00:25:52'),('865604525111640064','858572066465513472',NULL,'2017-05-20 00:26:16'),('865604913177034752','858572066465513472',NULL,'2017-05-20 00:27:48'),('865605148070641664','858572066465513472',NULL,'2017-05-20 00:28:44'),('865605337657376768','858572066465513472',NULL,'2017-05-20 00:29:29'),('865605952974356480','858572066465513472',NULL,'2017-05-20 00:31:56'),('865606743583883264','858572066465513472',NULL,'2017-05-20 00:35:05'),('865607388055470080','858572066465513472',NULL,'2017-05-20 00:37:38'),('865608450317484032','858572066465513472',NULL,'2017-05-20 00:41:51'),('865610061576142848','858572066465513472',NULL,'2017-05-20 00:48:16'),('865611461030838272','858572066465513472',NULL,'2017-05-20 00:53:49'),('865611674718044160','858572066465513472',NULL,'2017-05-20 00:54:40'),('865611864606769152','858572066465513472',NULL,'2017-05-20 00:55:25'),('865612272666411008','858572066465513472',NULL,'2017-05-20 00:57:03'),('865612453419941888','858572066465513472',NULL,'2017-05-20 00:57:46'),('865614162644959232','858572066465513472',NULL,'2017-05-20 01:04:33'),('865614272560889856','858572066465513472',NULL,'2017-05-20 01:05:00'),('865711978780295168','858572066465513472',NULL,'2017-05-20 07:33:15'),('865712107956469760','858572066465513472',NULL,'2017-05-20 07:33:45'),('865712574610538496','858572066465513472',NULL,'2017-05-20 07:35:37'),('865712766260871168','858572066465513472',NULL,'2017-05-20 07:36:22'),('865713150748524544','858572066465513472',NULL,'2017-05-20 07:37:54'),('865713517007732736','858572066465513472',NULL,'2017-05-20 07:39:21'),('865713771031560192','858572066465513472',NULL,'2017-05-20 07:40:22'),('865717577140142080','858572066465513472',NULL,'2017-05-20 07:55:29'),('865717684434632704','858572066465513472',NULL,'2017-05-20 07:55:55'),('865717865158803456','858572066465513472',NULL,'2017-05-20 07:56:38'),('865717976584683520','858572066465513472',NULL,'2017-05-20 07:57:05'),('865718114875080704','858572066465513472',NULL,'2017-05-20 07:57:38'),('865718749271949312','858572066465513472',NULL,'2017-05-20 08:00:09'),('865718855798882304','858572066465513472',NULL,'2017-05-20 08:00:34'),('865719231516246016','858572066465513472',NULL,'2017-05-20 08:02:04'),('865719407928672256','858572066465513472',NULL,'2017-05-20 08:02:46'),('865719805884235776','858572066465513472',NULL,'2017-05-20 08:04:21'),('865720303005728768','858572066465513472',NULL,'2017-05-20 08:06:19'),('865720535152066560','858572066465513472',NULL,'2017-05-20 08:07:15'),('865723757098958848','858572066465513472',NULL,'2017-05-20 08:20:03'),('865724032308215808','858572066465513472',NULL,'2017-05-20 08:21:08'),('865724080634986496','858572066465513472',NULL,'2017-05-20 08:21:20'),('865724433229152256','858572066465513472',NULL,'2017-05-20 08:22:44'),('865725836790071296','858572066465513472',NULL,'2017-05-20 08:28:19'),('865726780437168128','858572066465513472',NULL,'2017-05-20 08:32:04'),('865727645449453568','858572066465513472',NULL,'2017-05-20 08:35:30'),('865727784255750144','858572066465513472',NULL,'2017-05-20 08:36:03'),('865728082978275328','858572066465513472',NULL,'2017-05-20 08:37:14'),('866156828159901696','858572066465513472',NULL,'2017-05-21 13:00:55'),('866158851609591808','858572066465513472',NULL,'2017-05-21 13:08:57'),('866158897520443392','858572066465513472',NULL,'2017-05-21 13:09:08'),('866171591891877888','858572066465513472',NULL,'2017-05-21 13:59:35'),('866171739900477440','858572066465513472',NULL,'2017-05-21 14:00:10'),('866172097326481408','858572066465513472',NULL,'2017-05-21 14:01:35'),('866174378604232704','858572066465513472',NULL,'2017-05-21 14:10:39'),('866177278902534144','858572066465513472',NULL,'2017-05-21 14:22:11'),('866219733752479744','858572066465513472',NULL,'2017-05-21 17:10:53'),('866221833706274816','858572066465513472',NULL,'2017-05-21 17:19:13'),('866222240629260288','858572066465513472',NULL,'2017-05-21 17:20:50'),('866222835251544064','858572066465513472',NULL,'2017-05-21 17:23:12'),('866223190068690944','858572066465513472',NULL,'2017-05-21 17:24:37'),('866243818087776256','858572066465513472',NULL,'2017-05-21 18:46:35'),('866245895178420224','858572066465513472',NULL,'2017-05-21 18:54:50'),('866246092658835456','858572066465513472',NULL,'2017-05-21 18:55:37'),('866256378061127680','858572066465513472',NULL,'2017-05-21 19:36:29'),('866256685453279232','858572066465513472',NULL,'2017-05-21 19:37:43'),('866257366708912128','858572066465513472',NULL,'2017-05-21 19:40:25'),('866260535128096768','858572066465513472',NULL,'2017-05-21 19:53:01'),('866271106032467968','858572066465513472',NULL,'2017-05-21 20:35:01'),('866271953600643072','858572066465513472',NULL,'2017-05-21 20:38:23'),('866272688551755776','858572066465513472',NULL,'2017-05-21 20:41:18'),('866276750206697472','858572066465513472',NULL,'2017-05-21 20:57:27'),('866279700803092480','858572066465513472',NULL,'2017-05-21 21:09:10'),('866280954010796032','858572066465513472',NULL,'2017-05-21 21:14:09'),('866295341966688256','858572066465513472',NULL,'2017-05-21 22:11:19'),('866299679615221760','858572066465513472',NULL,'2017-05-21 22:28:33'),('866299946490396672','858572066465513472',NULL,'2017-05-21 22:29:37'),('866300424699772928','858572066465513472',NULL,'2017-05-21 22:31:31'),('866300621454573568','858572066465513472',NULL,'2017-05-21 22:32:18'),('866300700353626112','858572066465513472',NULL,'2017-05-21 22:32:37'),('866301085634002944','858572066465513472',NULL,'2017-05-21 22:34:09'),('866301460898381824','858572066465513472',NULL,'2017-05-21 22:35:38'),('866301893981241344','858572066465513472',NULL,'2017-05-21 22:37:21'),('866302303093653504','858572066465513472',NULL,'2017-05-21 22:38:59'),('866302630480052224','858572066465513472',NULL,'2017-05-21 22:40:17'),('866321477513773056','858572066465513472',NULL,'2017-05-21 23:55:10'),('866322981696045056','858572066465513472',NULL,'2017-05-22 00:01:09'),('866323203193044992','858572066465513472',NULL,'2017-05-22 00:02:02'),('866323750579077120','858572066465513472',NULL,'2017-05-22 00:04:12'),('866323949527498752','858572066465513472',NULL,'2017-05-22 00:05:00'),('866324666573127680','858572066465513472',NULL,'2017-05-22 00:07:51'),('866325042403737600','858572066465513472',NULL,'2017-05-22 00:09:20'),('866325488677683200','858572066465513472',NULL,'2017-05-22 00:11:07'),('866325802805886976','858572066465513472',NULL,'2017-05-22 00:12:22'),('866325948906078208','858572066465513472',NULL,'2017-05-22 00:12:56'),('866326121673654272','858572066465513472',NULL,'2017-05-22 00:13:38'),('866326343665582080','858572066465513472',NULL,'2017-05-22 00:14:31'),('866631133226336256','858572066465513472',NULL,'2017-05-22 20:25:38'),('866632695411638272','858572066465513472',NULL,'2017-05-22 20:31:51'),('866632907580506112','858572066465513472',NULL,'2017-05-22 20:32:41'),('866634633180086272','858572066465513472',NULL,'2017-05-22 20:39:33'),('866635398607011840','858572066465513472',NULL,'2017-05-22 20:42:35'),('866635667973603328','858572066465513472',NULL,'2017-05-22 20:43:39'),('866640573472178176','858572066465513472',NULL,'2017-05-22 21:03:09'),('866648142165049344','858572066465513472',NULL,'2017-05-22 21:33:13'),('866650385706647552','858572066465513472',NULL,'2017-05-22 21:42:08'),('866653655439245312','858572066465513472',NULL,'2017-05-22 21:55:08'),('866654281040658432','858572066465513472',NULL,'2017-05-22 21:57:37'),('866654527028199424','858572066465513472',NULL,'2017-05-22 21:58:36'),('866655671636983808','858572066465513472',NULL,'2017-05-22 22:03:08'),('866655918580826112','858572066465513472',NULL,'2017-05-22 22:04:07'),('866656301424312320','858572066465513472',NULL,'2017-05-22 22:05:39'),('866658820779147264','858572066465513472',NULL,'2017-05-22 22:15:39'),('866662970912931840','858572066465513472',NULL,'2017-05-22 22:32:09'),('866663495305789440','858572066465513472',NULL,'2017-05-22 22:34:14'),('866663873795588096','858572066465513472',NULL,'2017-05-22 22:35:44'),('866664642502459392','858572066465513472',NULL,'2017-05-22 22:38:47'),('866664906621976576','858572066465513472',NULL,'2017-05-22 22:39:50'),('866665862549995520','858572066465513472',NULL,'2017-05-22 22:43:38'),('866666226657525760','858572066465513472',NULL,'2017-05-22 22:45:05'),('866666494757437440','858572066465513472',NULL,'2017-05-22 22:46:09'),('866666779718451200','858572066465513472',NULL,'2017-05-22 22:47:17'),('866666860890816512','858572066465513472',NULL,'2017-05-22 22:47:36'),('866667162188644352','858572066465513472',NULL,'2017-05-22 22:48:48'),('866667292451143680','858572066465513472',NULL,'2017-05-22 22:49:19'),('866667523976724480','858572066465513472',NULL,'2017-05-22 22:50:14'),('866668314603028480','858572066465513472',NULL,'2017-05-22 22:53:23'),('866668816426336256','858572066465513472',NULL,'2017-05-22 22:55:22'),('866668955421376512','858572066465513472',NULL,'2017-05-22 22:55:56'),('866669477498978304','858572066465513472',NULL,'2017-05-22 22:58:00'),('866674539755470848','858572066465513472',NULL,'2017-05-22 23:18:07'),('866674664741535744','858572066465513472',NULL,'2017-05-22 23:18:37'),('866675020926025728','858572066465513472',NULL,'2017-05-22 23:20:02'),('866677788919201792','858572066465513472',NULL,'2017-05-22 23:31:02'),('866678108634218496','858572066465513472',NULL,'2017-05-22 23:32:18'),('866678732897648640','858572066465513472',NULL,'2017-05-22 23:34:47'),('866679936759365632','858572066465513472',NULL,'2017-05-22 23:39:34'),('866681163115134976','858572066465513472',NULL,'2017-05-22 23:44:26'),('866681336268587008','858572066465513472',NULL,'2017-05-22 23:45:07'),('866682524338749440','858572066465513472',NULL,'2017-05-22 23:49:51'),('866683221138472960','858572066465513472',NULL,'2017-05-22 23:52:37'),('866683598122516480','858572066465513472',NULL,'2017-05-22 23:54:07'),('866688217812828160','858572066465513472',NULL,'2017-05-23 00:12:28'),('866836655661645824','858572066465513472',NULL,'2017-05-23 10:02:18'),('866843508722368512','858572066465513472',NULL,'2017-05-23 10:29:32'),('866846710100393984','858572066465513472',NULL,'2017-05-23 10:42:16'),('866847815639236608','858572066465513472',NULL,'2017-05-23 10:46:39'),('866852361958588416','858572066465513472',NULL,'2017-05-23 11:04:43'),('866852664518901760','858572066465513472',NULL,'2017-05-23 11:05:55'),('866853192724381696','858572066465513472',NULL,'2017-05-23 11:08:01'),('866853472371212288','858572066465513472',NULL,'2017-05-23 11:09:08'),('866853728290865152','858572066465513472',NULL,'2017-05-23 11:10:09'),('866854239761072128','858572066465513472',NULL,'2017-05-23 11:12:11'),('866854351820292096','858572066465513472',NULL,'2017-05-23 11:12:38'),('866855272692318208','858572066465513472',NULL,'2017-05-23 11:16:17'),('866857290676830208','858572066465513472',NULL,'2017-05-23 11:24:18'),('866857573163204608','858572066465513472',NULL,'2017-05-23 11:25:26'),('866857831914012672','858572066465513472',NULL,'2017-05-23 11:26:27'),('866858378914168832','858572066465513472',NULL,'2017-05-23 11:28:38'),('866859251388121088','858572066465513472',NULL,'2017-05-23 11:32:06'),('866859600169664512','858572066465513472',NULL,'2017-05-23 11:33:29'),('866859712275021824','858572066465513472',NULL,'2017-05-23 11:33:56'),('866860036935122944','858572066465513472',NULL,'2017-05-23 11:35:13'),('866861537866809344','858572066465513472',NULL,'2017-05-23 11:41:11'),('866862088306294784','858572066465513472',NULL,'2017-05-23 11:43:22'),('866895121835098112','866895114918690816',NULL,'2017-05-23 13:54:38'),('866895427528556544','866895114918690816',NULL,'2017-05-23 13:55:51'),('866896794196377600','866895114918690816',NULL,'2017-05-23 14:01:17'),('866897090293268480','866895114918690816',NULL,'2017-05-23 14:02:27'),('866902899404308480','866895114918690816',NULL,'2017-05-23 14:25:32'),('866904193565196288','866895114918690816',NULL,'2017-05-23 14:30:41'),('867314569721151488','866895114918690816',NULL,'2017-05-24 17:41:22'),('867319430713966592','866895114918690816',NULL,'2017-05-24 18:00:41'),('867373248130580480','866895114918690816',NULL,'2017-05-24 21:34:32'),('867373689220366336','866895114918690816',NULL,'2017-05-24 21:36:17'),('867380136201158656','866895114918690816',NULL,'2017-05-24 22:01:54'),('867380390011076608','866895114918690816',NULL,'2017-05-24 22:02:55'),('867380903947534336','866895114918690816',NULL,'2017-05-24 22:04:57'),('867382246405832704','866895114918690816',NULL,'2017-05-24 22:10:17'),('867386055500759040','866895114918690816',NULL,'2017-05-24 22:25:26'),('867402924517490688','866895114918690816',NULL,'2017-05-24 23:32:27'),('867544070480723968','866895114918690816',NULL,'2017-05-25 08:53:19'),('867544667481178112','866895114918690816',NULL,'2017-05-25 08:55:42'),('867544975674441728','866895114918690816',NULL,'2017-05-25 08:56:55'),('867567505948803072','866895114918690816',NULL,'2017-05-25 10:26:27'),('867580476892643328','866895114918690816',NULL,'2017-05-25 11:17:59'),('867580583222444032','866895114918690816',NULL,'2017-05-25 11:18:25'),('867582592965148672','866895114918690816',NULL,'2017-05-25 11:26:24'),('867585627166605312','866895114918690816',NULL,'2017-05-25 11:38:27'),('867586393830850560','866895114918690816',NULL,'2017-05-25 11:41:30'),('867976957524967424','855333787439988736',NULL,'2017-05-26 13:33:28'),('868113655005184000','866895114918690816',NULL,'2017-05-26 22:36:39'),('868115018124623872','866895114918690816',NULL,'2017-05-26 22:42:04'),('868115161473351680','866895114918690816',NULL,'2017-05-26 22:42:38'),('868115630765637632','866895114918690816',NULL,'2017-05-26 22:44:30'),('868122545612652544','866895114918690816',NULL,'2017-05-26 23:11:58'),('868123811399073792','866895114918690816',NULL,'2017-05-26 23:17:00'),('868127017260810240','866895114918690816',NULL,'2017-05-26 23:29:45'),('868127338817126400','866895114918690816',NULL,'2017-05-26 23:31:01'),('868127590768967680','866895114918690816',NULL,'2017-05-26 23:32:01'),('868132981221359616','866895114918690816',NULL,'2017-05-26 23:53:27'),('868137347428909056','866895114918690816',NULL,'2017-05-27 00:10:47'),('868292157037871104','855333787439988736',NULL,'2017-05-27 10:25:57'),('868292381261168640','855333787439988736',NULL,'2017-05-27 10:26:50'),('868489665198424064','866895114918690816',NULL,'2017-05-27 23:30:47'),('868490833169481728','866895114918690816',NULL,'2017-05-27 23:35:25'),('868604000621035520','866895114918690816',NULL,'2017-05-28 07:05:06'),('868604643633004544','866895114918690816',NULL,'2017-05-28 07:07:40'),('868678903625940992','866895114918690816',NULL,'2017-05-28 12:02:45'),('868686504568815616','866895114918690816',NULL,'2017-05-28 12:32:57'),('868715182631682048','866895114918690816',NULL,'2017-05-28 14:26:54'),('868755862963879936','866895114918690816',NULL,'2017-05-28 17:08:33'),('868758208800358400','866895114918690816',NULL,'2017-05-28 17:17:52'),('868759423797952512','866895114918690816',NULL,'2017-05-28 17:22:42'),('868760924381511680','866895114918690816',NULL,'2017-05-28 17:28:40'),('868761566323933184','866895114918690816',NULL,'2017-05-28 17:31:13'),('868761711002255360','866895114918690816',NULL,'2017-05-28 17:31:47'),('868762170358235136','866895114918690816',NULL,'2017-05-28 17:33:37'),('868764846240301056','866895114918690816',NULL,'2017-05-28 17:44:15'),('868770399062589440','866895114918690816',NULL,'2017-05-28 18:06:19'),('868785838937341952','866895114918690816',NULL,'2017-05-28 19:07:40'),('868785988883709952','866895114918690816',NULL,'2017-05-28 19:08:16'),('868794556324249600','866895114918690816',NULL,'2017-05-28 19:42:18'),('868794966309076992','866895114918690816',NULL,'2017-05-28 19:43:56'),('868795258010337280','866895114918690816',NULL,'2017-05-28 19:45:06'),('868795445231484928','866895114918690816',NULL,'2017-05-28 19:45:50'),('868796502699409408','866895114918690816',NULL,'2017-05-28 19:50:02'),('868799504965435392','866895114918690816',NULL,'2017-05-28 20:01:58'),('869040305607802880','866895114918690816',NULL,'2017-05-29 11:58:50'),('869755830856056832','866895114918690816',NULL,'2017-05-31 11:22:04'),('869890162983698432','866895114918690816',NULL,'2017-05-31 20:15:51'),('869893116738404352','866895114918690816',NULL,'2017-05-31 20:27:36'),('869896901858689024','866895114918690816',NULL,'2017-05-31 20:42:38'),('869898110967480320','866895114918690816',NULL,'2017-05-31 20:47:26'),('870598344806760448','855333787439988736',NULL,'2017-06-02 19:09:55'),('871912317103636480','866895114918690816',NULL,'2017-06-06 10:11:10'),('871913871177154560','866895114918690816',NULL,'2017-06-06 10:17:21');

/* Trigger structure for table `userinfo` */

DELIMITER $$

/*!50003 DROP TRIGGER*//*!50032 IF EXISTS */ /*!50003 `create_userinfo` */$$

/*!50003 CREATE */ /*!50017 DEFINER = 'root'@'%' */ /*!50003 TRIGGER `create_userinfo` AFTER INSERT ON `userinfo` FOR EACH ROW 
begin 
			insert into notifiinfo values(new.user_id,NOW(),NOW(),NOW(),NOW());
			insert into articleclassify values(new.user_id,new.user_id,"默认分类");
END */$$


DELIMITER ;

/*!40101 SET SQL_MODE=@OLD_SQL_MODE */;
/*!40014 SET FOREIGN_KEY_CHECKS=@OLD_FOREIGN_KEY_CHECKS */;
/*!40014 SET UNIQUE_CHECKS=@OLD_UNIQUE_CHECKS */;
/*!40111 SET SQL_NOTES=@OLD_SQL_NOTES */;
